,age_0_5,age_5_17,age_18_greater,total
age_0_5,1.0,0.7858938262906255,0.35026828062033155,0.9436411982858969
age_5_17,0.7858938262906255,1.0,0.5111424134792788,0.9393457295969
age_18_greater,0.35026828062033155,0.5111424134792788,1.0,0.5254859628360997
total,0.9436411982858969,0.9393457295969,0.5254859628360997,1.0
